product_id,name,precio_promedio_real,precio_promedio_sugerido,total_ganancia,precio_competencia_1,precio_competencia_2,precio_competencia_3,diferencia_precio_vs_sugerido
14,MANANTIAL COLOR ONOTO 30GR,0.7975,0.7943093333333331,279.22,0.97,0.0,0.0,0.003190666666666897
15,MANANTIAL PIMIENTA NEGRA MOLIDA 12GR,0.8263,0.8263233333333352,464.6,1.155,0.0,0.0,-2.333333333515153e-05
16,MANANTIAL COMINO MOLIDO 25GR,0.8759,0.8760960000000005,354.95,1.23,0.0,0.0,-0.00019600000000052908
18,MANANTIAL SABROSEADOR 40GR,0.8583,0.8574873333333332,331.98,1.14,0.0,0.0,0.0008126666666667948
19,MANANTIAL LAUREL EN HOJAS 6GR,0.7212,0.7205939999999994,259.98,0.85,0.0,0.0,0.0006060000000005505
20,MANANTIAL OREGANO EN HOJAS 8GR,0.6429,0.6442913333333318,198.99,0.74,0.0,0.0,-0.0013913333333317457
21,MANANTIAL ROMERO 6GR,0.6433,0.6431853333333316,162.93,0.78,0.0,0.0,0.00011466666666837266
22,MANANTIAL OREGANO MOLIDO 12GR,0.6136,0.6137886666666673,280.91,0.78,0.0,0.0,-0.00018866666666728094
23,MANANTIAL LAUREL MOLIDO 8GR,0.7404,0.7353759999999984,126.94,0.88,0.0,0.0,0.005024000000001583
25,MANANTIAL ALBAHACA 6GR,0.6532,0.6526899999999985,175.0,0.77,0.0,0.0,0.0005100000000014537
26,MANANTIAL AJO EN POLVO 30GR,0.9195,0.9250479999999995,408.81,1.115,1.41,0.0,-0.005547999999999553
27,MANANTIAL ADOBO 50GR,0.6638,0.6601779999999987,262.03,0.8,0.0,0.0,0.0036220000000012353
28,MANANTIAL ALIÑO PREPARADO 30GR,0.8312,0.8313593333333326,324.58,1.0,0.0,0.0,-0.00015933333333251198
34,HIT'S MANI CON COCO 160GR,1.8459,1.8455459999999981,194.48,2.54,0.0,0.0,0.00035400000000196385
35,HIT'S MANI LIMON PIMIENTA 160GR,1.8354,1.8369866666666625,271.82,2.54,0.0,0.0,-0.0015866666666626283
38,HIT'S MANI JAPONES 160GR,1.8413,1.8418293333333293,371.19,2.54,0.0,0.0,-0.0005293333333293848
40,LA ZULIANITA CARBON INSTANTANEO 1.5KG,2.1604,2.1567433333333326,1767.53,3.55,0.0,0.0,0.0036566666666675296
70,DELLA NONNA CAFE 200GR,2.3254,2.3267206666666658,7319.82,2.7,0.0,0.0,-0.0013206666666656375
71,DELLA NONNA CAFE 100GR,1.285,1.2862259999999983,2603.29,1.4,0.0,0.0,-0.001225999999998395
74,AMANECER CAFE EN GRANOS GOURMET 1KG,17.3887,15.863301999999985,1644.9,0.0,0.0,16.04,1.5253980000000151
75,NATULAC NECTAR DE DURAZNO TBA 1LT,1.3684,1.3690700000000011,679.92,2.84,0.0,0.0,-0.0006700000000010586
77,NATULAC NECTAR DE MANZANA TBA 1LT,1.6965,1.6976666666666624,769.75,2.625,0.0,0.0,-0.0011666666666625414
82,NATULAC COLADO DE MANZANA 113GR,0.7575,0.7585653333333316,626.61,1.19,0.0,0.0,-0.0010653333333316972
92,PUIG MARIA SELECTA 250GR,1.2968,1.294456666666665,4603.14,1.62,1.81,0.0,0.0023433333333349182
97,MARILU CHOCOLATE TUBULAR 216GR,1.4168,1.4176899999999981,1632.97,2.01,0.0,0.0,-0.000889999999998059
99,PUIG MARIA INTEGRAL 250GR,1.4787,1.4767820000000011,1346.2,0.0,1.9,0.0,0.001917999999998754
102,PUIG MINI MARIA BOLSA 200GR,1.2629,1.2655526666666663,833.41,0.0,1.6,0.0,-0.0026526666666664145
103,PUIG LIMON TV 90GR,0.6378,0.641582666666666,581.03,0.94,0.0,0.0,-0.0037826666666659348
104,PUIG MARIA SIN AZUCAR 250GR,1.8564,1.8557373333333351,1539.57,2.33,0.0,0.0,0.0006626666666649239
107,PUIG MARIA DELICIAS DE CHOCOLATE 136GR,1.902,1.8981639999999966,960.57,2.32,0.0,0.0,0.0038360000000032812
110,UNDERWOOD DIABLITOS LATA 54GR,1.175,1.1729320000000005,6478.55,0.0,2.08,0.0,0.0020679999999995147
112,UNDERWOOD DIPS DE PIMIENTOS MORRONES 220GR,1.7812,1.7789853333333376,100.24,2.58,0.0,0.0,0.002214666666662257
114,SDLA MERMELADA DE GUAYABA 250GR,2.408,2.402862666666666,403.42,2.93,0.0,0.0,0.005137333333333771
115,SDLA MERMELADA DE FRESA 250GR,2.3268,2.326059999999997,494.0,2.93,0.0,0.0,0.0007400000000030715
118,FRESCARINI SALSA CON CHORIZO 190GR,1.1967,1.1973119999999997,272.76,1.69,0.0,0.0,-0.0006119999999996129
120,FRESCARINI SALSA NAPOLITANA CON PARMESANO 190GR,1.1182,1.1289373333333346,337.77,1.66,0.0,1.82,-0.010737333333334487
124,UNDERWOOD SALSA BOLOGNESA 490GR,2.3796,2.3764606666666643,559.41,3.29,3.58,0.0,0.0031393333333356033
127,UNDERWOOD SALSA PARA PASTAS DIABLITOS 490GR,2.3868,2.384663999999996,480.03,3.69,0.0,0.0,0.0021360000000041346
128,UNDERWOOD SALSA PARA PASTAS DIABLITOS 190GR,1.1224,1.1234513333333334,505.59,1.87,0.0,0.0,-0.001051333333333293
130,UNDERWOOD SALSA NAPOLITANA 190GR,1.0796,1.0811006666666663,502.37,1.9,0.0,0.0,-0.0015006666666663726
132,UNDERWOOD SALSA DE TOMATE KETCHUP CON DIABLITOS 380GR,2.0142,2.013983999999999,754.57,2.69,0.0,0.0,0.00021600000000132624
137,FRESCARINI SALSA PARA PIZZA 190GR,1.1161,1.1171026666666664,385.42,1.67,0.0,0.0,-0.0010026666666662631
140,RD ATUN AL NATURAL 160GR,0.965,0.9750286666666684,7973.71,1.97,0.0,0.0,-0.010028666666668462
141,RD ATUN DESMENUZADO EN ACEITE VEGETAL 160GR,1.1557,1.1613919999999984,4619.07,0.0,1.79,0.0,-0.005691999999998476
142,SDLA ATUN EN ACEITE VEGETAL 170GR,2.0739,2.0802493333333327,5971.41,0.0,2.98,0.0,-0.006349333333332652
180,NESTLE - CRICRI CHOCOLATE 27GR,1.1675,1.169002666666665,1897.99,0.0,1.35,0.0,-0.0015026666666650978
186,PAN MEZCLA PARA CACHAPA 500 GR,1.9472,1.9479573333333355,2136.19,2.74,0.0,0.0,-0.000757333333335497
187,SAMBA FRESA 32GR,0.7938,0.7922646666666671,2337.53,0.0,0.89,0.0,0.001535333333332889
188,MAVESA MARGARINA 500 GR,2.7467,2.7465219999999957,16551.37,2.6950000000000003,0.0,0.0,0.00017800000000445237
189,MAVESA MARGARINA 250 GR,1.5216,1.5220400000000025,14986.89,1.44,0.0,0.0,-0.00044000000000243844
191,NELLY MARGARINA REDUCIDA 250 GR,1.342,1.3416346666666699,11333.5,1.44,0.0,0.0,0.00036533333333022
192,NELLY MARGARINA REDUCIDA 500 GR,2.5392,2.5553846666666646,12728.65,2.52,0.0,0.0,-0.016184666666664516
193,MAVESA MAYONESA 445 GR,4.0464,4.059675999999996,19668.01,3.69,0.0,0.0,-0.013275999999995847
196,SAMBA CHOCOLATE 32GR,0.7992,0.7949046666666664,2412.51,0.0,0.89,0.0,0.004295333333333651
197,QUAKER AVENA EN HOJUELA ORIGINAL 400 GR,1.63,1.6300066666666648,2924.09,1.65,0.0,0.0,-6.6666666649339845e-06
202,QUAKER HARINA DE AVENA 400 GR,1.6267,1.625368666666666,1250.38,1.65,1.72,0.0,0.0013313333333340172
215,PRIMOR PASTA SPAGUETTI 1 KG,2.2072,2.200386666666666,1173.94,0.0,1.38,0.0,0.006813333333334004
220,PRIMOR PASTA DEDALES 500 GR,1.1024,1.1023106666666673,575.06,0.0,1.24,0.0,8.933333333271953e-05
233,PAN AREPITAS DULCES 500 GR,1.9468,1.9475813333333323,524.94,2.74,0.0,0.0,-0.0007813333333321903
234,PAN SEMILLAS NUTRITIVAS 500 GR,1.9472,1.9431553333333367,2266.6,2.74,2.45,0.0,0.004044666666663366
238,MARGARITA ATUN EN ACEITE VEGETAL 140 GR,1.8522,1.8498440000000012,6945.47,0.0,2.41,0.0,0.0023559999999989145
240,MARGARITA PEPITONA PICANTE 140 GR,1.6872,1.6826066666666628,3856.92,2.02,2.01,0.0,0.004593333333337224
253,MAVESA VINAGRE 1LT,1.7595,1.756668666666668,1363.74,2.3,0.0,0.0,0.0028313333333320756
263,KALDINI SAL MARINA DEL MEDITERRANEO 330GR,6.3728,6.27478599999999,187.79,8.2,0.0,0.0,0.09801400000000982
265,KALDINI SAL MARINA PIMIENTA ARCOIRIS 165GR,11.1317,11.227535333333314,325.47,12.61,0.0,0.0,-0.09583533333331395
266,KALDINI PIMIENTA NEGRA 170GR,10.035,10.162412,296.96,12.98,0.0,0.0,-0.12741199999999964
270,KALDINI VINAGRE DE MANZANA 1LT,4.9011,4.878444000000003,397.51,5.96,0.0,0.0,0.0226559999999969
275,KALDINI PALMITOS ENTEROS 400GR,4.9235,4.893191333333334,415.92,5.77,0.0,0.0,0.03030866666666565
279,KALDINI LECHE EVAPORADA 410GR,2.1307,2.1291279999999952,358.41,2.58,0.0,0.0,0.0015720000000047918
284,KALDINI - NOODLES CUP DE VEGETALES 60GR,1.5464,1.5448706666666683,557.53,1.83,0.0,0.0,0.0015293333333317172
285,KALDINI - PATE DE SALMON 100GR,2.5656,2.5751993333333365,629.8,2.25,2.56,0.0,-0.009599333333336624
286,KALDINI - PATE DE ATUN AHUMADO 100GR,2.0996,2.0933500000000036,528.28,2.6,2.96,0.0,0.006249999999996536
291,NESCAFE TRADICIONAL 85GR,4.2496,4.219247333333327,1316.41,0.0,6.19,0.0,0.03035266666667269
293,KALDINI - MELOCOTONES EN ALMIBAR DE LATA 425GR,2.3304,2.3283426666666642,504.32,3.11,0.0,0.0,0.002057333333335798
295,KALDINI - CHAMPIÑONES EN RODAJAS 400GR,2.2738,2.2758153333333295,927.4,2.89,0.0,0.0,-0.002015333333329483
298,KALDINI - MIEL DE PANAL PURA 454GR,10.1895,10.144897999999985,437.36,13.58,0.0,0.0,0.04460200000001535
299,CREMA DE LECHE KALDINI 170GR,1.29,1.2899093333333327,937.4,2.11,0.0,0.0,9.066666666734946e-05
303,MAGGI SOPA CASERA DE POLLO 62 GR,1.0391,1.0381646666666668,1136.59,1.31,1.33,0.0,0.000935333333333066
306,MAGGI SOPA DE COSTILLA 50 GR,1.0464,1.0468800000000023,1122.42,0.0,1.39,0.0,-0.0004800000000022564
308,VICONE AVENA EN HOJUELAS 400GR,1.265,1.2660133333333305,1684.17,1.48,1.59,0.0,-0.001013333333330646
309,VICONE CARAOTA NEGRA 400GR,1.6696,1.6687546666666673,2655.76,1.53,1.49,0.0,0.0008453333333326984
310,VICONE ARVEJA VERDE PARTIDA 400GR,1.5396,1.536681333333336,1118.5,1.74,2.18,0.0,0.0029186666666640715
314,FRITO LAY - CHEESE TRIS 150GR,1.4792,1.4773173333333325,5539.18,1.71,1.93,0.0,0.0018826666666675873
323,NESTLE LECHE CONDENSADA 395 GR,3.0939,3.0954286666666717,1624.23,3.19,0.0,0.0,-0.0015286666666716187
325,JACK'S MANI SALADO 25GR,0.77,0.7746999999999991,579.14,0.0,0.93,0.0,-0.004699999999999038
326,GERBER COLADO DE PERA 100 GR,1.271,1.2706893333333307,388.19,0.0,1.62,0.0,0.0003106666666692348
327,GERBER COLADO DE BANANA 100 GR,1.3565,1.3547493333333347,202.6,1.84,0.0,0.0,0.0017506666666653459
328,GERBER COLADO DE MANZANA 100 GR,1.3532,1.3529479999999985,470.6,1.84,0.0,0.0,0.00025200000000147327
337,KRAFT MAYONESA 445GR,3.9492,3.92886333333334,18338.86,3.25,3.99,0.0,0.020336666666660008
342,AGUA NEVADA 355ML,0.4742,0.5015580000000005,362.4,0.7,0.0,0.0,-0.027358000000000493
348,YELIGHT SIN SABOR 9G,1.0338,1.0387440000000012,557.95,0.0,0.0,1.44,-0.00494400000000117
352,YELIGHT FUSION SILVESTRE 12GR,1.1132,1.1112133333333356,432.07,1.23,1.32,0.0,0.0019866666666643606
367,CARBONELL - ACEITE DE OLIVA PURO 500ML,13.545,11.60662000000001,788.05,16.01,17.37,0.0,1.9383799999999898
377,CARBONELL - ACEITE EXTRA VIRGEN 500ML,13.3892,13.320334666666692,1252.27,18.655,0.0,0.0,0.06886533333330824
383,CARBONELL - ACEITE DE OLIVA EXTRA VIRGEN 750ML,20.0405,19.229953333333356,2321.24,29.451666666666664,0.0,0.0,0.8105466666666459
406,AJO PORRO KG,2.4484,2.451297999999997,1448.39,0.0,0.0,1.9,-0.0028979999999969586
408,MC CORMICK - AJO ROSTIZADO 116GR,3.487,3.4941293333333405,137.17,3.93,0.0,0.0,-0.007129333333340426
409,SODA SCHWEPPES LATA 355ML,1.0729,1.0744766666666683,708.79,0.85,0.0,0.0,-0.001576666666668336
410,MAS CLORO NATURAL 1LT,2.18,2.174180000000004,773.6,0.0,0.0,1.91,0.0058199999999959395
413,MC CORMICK - AJOMIX 100GR,3.3756,3.365320000000008,405.73,3.93,0.0,0.0,0.010279999999991851
420,MAIZORITOS AZUCARADAS 240GR,2.4559,2.458006666666668,3823.52,2.81,0.0,0.0,-0.0021066666666675893
426,MC CORMICK - CANELA MOLIDA 60GR,4.7465,4.755466666666668,410.22,5.58,0.0,0.0,-0.008966666666667678
428,FLIPS CHOCOLATE 120GR,1.9988,1.9997719999999986,2023.46,1.88,0.0,0.0,-0.0009719999999986406
438,FLIPS DULCE DE LECHE 120GR,2.0557,2.057988666666667,2591.48,1.9,2.06,0.0,-0.0022886666666672717
446,MAIZORITOS FRUTY AROS 240GR,2.1506,2.1499353333333318,2724.76,2.9,0.0,0.0,0.00066466666666809
455,MAIZORITOS CHOCOSAFARI 240GR,2.2864,2.287121999999999,1654.2,2.78,0.0,0.0,-0.0007219999999992233
460,MC CORMICK OREGANO ENTERO 26GR,2.82,2.8107559999999974,179.33,3.33,0.0,0.0,0.009244000000002472
463,MC CORMICK - SAZON MEXICANA 82GR,3.6141,3.6246293333333353,132.59,4.22,0.0,0.0,-0.010529333333335167
467,MAIZORITOS CRONCH FLAKES 300GR,2.3347,2.3311399999999973,7610.43,2.37,2.77,0.0,0.003560000000002894
484,MAIZINA AMERICANA 90GR,0.6104,0.6267299999999993,755.78,0.77,0.89,0.0,-0.01632999999999929
488,MAIZORITOS ABCITOOS 240GR,2.2992,2.3093533333333323,1558.4,2.78,3.11,0.0,-0.010153333333332348
493,MC CORMICK INFUSION FRUTOS DEL BOSQUE 10UND,1.8395,1.8332333333333288,477.46,2.08,0.0,2.31,0.0062666666666710835
495,OVOMALTINA TUBO 35GR,0.9548,0.9509466666666685,1574.54,1.22,1.53,0.0,0.003853333333331488
502,MAIZORITOS POP CRONCH 240GR,2.2864,2.2866193333333324,1793.23,2.9,0.0,0.0,-0.00021933333333246097
504,MC CORMICK INFUSION FRUTOS ROJOS 10UND,1.7435,1.7511906666666694,614.53,0.0,0.0,2.33,-0.007690666666669399
513,PASITAS NEGRAS KG,4.042,4.186160666666662,1482.9,0.0,10.39,0.0,-0.1441606666666626
525,GOTAS DE CHOCOLATE BLANCO KG,22.6888,20.409936666666628,148.12,0.0,0.0,7.92,2.2788633333333728
539,ALCAPARRAS KG,5.1523,5.307205999999997,1193.64,0.0,9.69,0.0,-0.15490599999999688
556,OLE SALSA FINAS HIERBAS POUCH 340GR,1.3804,1.3798900000000025,1202.77,2.17,0.0,0.0,0.000509999999997568
561,OLE SALSA DE TOMATE PIZZA POUCH 340 GR,1.3796,1.3806073333333357,1303.04,2.17,2.26,0.0,-0.0010073333333358025
572,OSOLE MERMELADA POUCH FRUTOS ROJOS 200 GR,1.8681,1.8671146666666676,421.7,3.29,0.0,0.0,0.0009853333333325054
575,OLE SALSA DE TOMATE CON ALBAHACA POUCH 340 GR,1.3804,1.380946000000002,1233.57,2.17,2.22,0.0,-0.0005460000000019338
602,RENATA WAFFER LIMON 115 GR,0.8457,0.8461959999999982,947.68,0.0,1.39,0.0,-0.0004959999999981646
604,OSOLE SALSA PARA PASTA PUTANESCA 340 GR,1.4919,1.4867953333333306,822.1,2.4699999999999998,2.51,0.0,0.005104666666669422
621,ISELITA PLATANITOS CHIPS LIMON 300GR,4.3494,4.347589333333328,535.94,4.72,0.0,0.0,0.0018106666666719562
624,ISELITA YUCA CHIPS SAL 180GR,3.0924,3.0885926666666643,754.51,4.42,4.925,0.0,0.0038073333333357162
625,OSOLE ACEITUNAS VERDES ENTERAS 300G,2.4,2.4064593333333293,89.72,0.0,0.0,4.43,-0.006459333333329376
629,OSOLE MERMELADA POUCH GUAYABA 200 GR,1.8691,1.8673900000000023,216.81,3.29,0.0,0.0,0.0017099999999976578
632,RENATA MEZCLA PARA TORTA LIMON 400G,1.8418,1.8459306666666677,306.59,0.0,0.0,2.22125,-0.004130666666667615
639,MONTALBAN PAPELON CON LIMON 500GR,3.64,3.6390453333333284,968.36,4.195,0.0,0.0,0.0009546666666717663
644,MONTALBAN AZUCAR PAL. 1KG,1.5832,1.355778666666669,21677.8,1.6,1.61,31.11,0.22742133333333103
645,MONTALBAN MORENA 1KG,3.02,3.0131813333333297,3155.33,3.7,3.99,0.0,0.006818666666670303
658,PASTA MARY PREMIUM TORNILLO 500 GR,1.1076,1.1071646666666666,1134.13,1.53,1.505,0.0,0.0004353333333333431
660,PASTA MARY PREMIUM DEDAL 500 GR,1.1076,1.1071353333333334,1089.61,1.47,1.53,0.0,0.00046466666666655776
663,PASTA MARY PREMIUM RIGATONI 500 GR,1.1038,1.1042166666666697,742.55,0.0,1.53,0.0,-0.0004166666666698404
664,MARY LENTEJAS 400G,1.5933,1.596712,4910.28,0.0,0.0,2.15,-0.0034119999999999706
665,MARY HARINA DE TRIGO TODO USO 900GR,1.1746,1.1752333333333327,2851.35,1.35,0.0,0.0,-0.0006333333333325974
667,PASTA MARY SUPERIOR PLUMA 1 KG,1.7096,1.7065466666666627,2133.22,2.39,0.0,0.0,0.003053333333337349
668,PASTA MARY SUPERIOR TORNILLO 1 KG,1.6178,1.6181046666666647,1869.22,0.0,0.0,2.38,-0.00030466666666484343
669,PASTA MARY SUPERIOR VERMICELLI 500 G,1.002,0.9955706666666668,1014.78,0.0,0.0,1.16,0.006429333333333176
670,MARY CARAOTAS BLANCAS 500G,2.2772,2.272385333333329,809.81,0.0,0.0,2.85,0.004814666666671297
671,GALLETAS CHARMY MOKA 192 G,1.4124,1.414182666666665,1981.02,0.0,0.0,2.08,-0.0017826666666649338
674,MARY CARAOTAS NEGRAS 400G,1.1616,1.1734566666666653,9005.55,0.0,0.0,1.56,-0.011856666666665294
675,GALLETAS CHARMY FRESA 192G,1.1904,1.1842586666666668,1969.44,0.0,0.0,1.66,0.00614133333333311
678,GALLETAS TIPTOP CHOCOLATE 96G,0.6637,0.6780593333333347,2244.63,0.0,0.0,0.92,-0.014359333333334723
680,GALLETAS TIPTOP COCO 96G,0.6637,0.6777846666666679,1507.0,0.0,0.0,0.92,-0.014084666666667967
681,GALLETAS TIPTOP MANI 96G,0.7252,0.7222713333333338,1844.27,0.0,0.0,0.94,0.0029286666666661354
682,GALLETAS TIPTOP VAINILLA 96G,0.6728,0.6809553333333331,1581.48,0.0,0.0,0.92,-0.008155333333333181
685,GATORADE MANDARINA 500ML,2.1232,2.124501999999998,1811.48,2.31,0.0,0.0,-0.0013019999999976939
686,GATORADE FRUTA TROPICALES 500ML,2.22,2.2245960000000045,2921.78,2.24,0.0,0.0,-0.004596000000004263
687,MARY GARBANZOS 500G,2.0943,2.0918579999999976,971.37,0.0,0.0,2.74,0.0024420000000024977
688,GATORADE MORA 500ML,2.1232,2.1252233333333312,1273.38,2.2,0.0,0.0,-0.0020233333333310455
691,MARY ARVEJAS VERDES PARTIDAS 400G,1.3233,1.3218566666666658,995.59,0.0,0.0,1.72,0.0014433333333341292
696,MARY ARROZ ESMERALDA 900G,1.8112,1.8147686666666714,13186.04,0.0,0.0,2.55,-0.0035686666666714384
699,MARY ARROZ DORADO 800G,1.6287,1.6286233333333346,7768.69,0.0,0.0,2.51,7.666666666539257e-05
702,MARY ARROZ PREMIUM 900G,1.7028,1.699225999999999,14024.89,0.0,0.0,29.645,0.0035740000000010763
707,MARY TOMATE PELADO 800G LATA,4.6435,4.781312666666672,235.5,0.0,0.0,7.17,-0.13781266666667147
708,MARY TOMATE PELADO 400G LATA,2.4921,2.4817966666666624,271.73,0.0,0.0,3.79,0.010303333333337772
716,TE LIPTON LIMON 500ML,1.6893,1.6890953333333347,232.32,0.0,0.0,3.0,0.00020466666666529854
724,GELATINA FRESA MONTALBAN 90G,1.0604,1.084467333333333,657.02,0.0,0.0,1.91,-0.024067333333332996
725,PUDIN VAINILLA MONTALBAN 90GR,1.2263,1.222874666666667,266.04,1.69,1.3,0.0,0.003425333333332947
727,PAPELON LIMON Y JENGIBRE MONTALBAN 115GR,0.9763,0.9764186666666668,461.38,1.28,0.0,0.0,-0.00011866666666682235
751,PASTICHO NORMAL RONCO 250G,1.596,1.5957633333333348,535.84,0.0,0.0,2.04,0.00023666666666533054
755,RONCO PREMIUM VERMICELLI 1KG,1.7695,1.7561966666666637,1050.09,2.49,0.0,2.39,0.013303333333336331
758,RONCO PREMIUM PLUMA 1KG,1.7833,1.780984666666665,582.75,0.0,0.0,2.4033333333333333,0.0023153333333350012
761,RONCO VERMICELLI 500G,1.0374,1.027465333333334,876.94,0.0,0.0,1.15,0.009934666666666203
762,RONCO PREMIUM RIGATON 500G,1.0695,1.0756453333333347,637.36,0.0,0.0,1.15,-0.006145333333334779
768,ARROZ SANTONI PREMIUN 900GR,1.266,1.266035333333332,28638.2,1.6,0.0,0.0,-3.5333333332054906e-05
770,ARROZ SANTONI ZAFIRO 800GR,1.38,1.3795693333333325,20676.35,2.06,0.0,0.0,0.0004306666666673564
772,DEL MONTE - GUISANTES 425GR,4.2327,4.236446000000009,872.42,5.52,0.0,0.0,-0.0037460000000084648
822,PAN HARINA MEZCLA DE ARROZ 1KG,0.9284,0.9419760000000003,54452.19,0.0,1.23,0.0,-0.013576000000000255
848,VALE DETERGENTE LIQUIDO LIMON 1L,2.9929,2.998052000000004,303.66,0.0,0.0,5.48,-0.00515200000000382
876,EDUARDO - PASTICHO DIRECTO AL HORNO 250GR,1.7414,1.7450406666666667,462.29,2.19,0.0,0.0,-0.0036406666666666254
881,CARAOTA ROJA PANTERA 454G,2.38,2.3857093333333297,1714.47,0.0,0.0,3.29,-0.005709333333329791
887,FRIJOL BLANCO PANTERA 454G,1.2713,1.2647473333333312,839.61,0.0,0.0,1.4000000000000001,0.0065526666666688715
888,FRIJOL PICO NEGRO PANTERA 454G,1.296,1.2888093333333333,813.64,0.0,0.0,1.51,0.0071906666666667896
922,FRITZ SALSA SABOR DE MAIZ 240GR,3.3662,2.835177999999996,968.51,5.545,6.34,4.7,0.5310220000000041
950,FRITZ SALSA CHEDDAR 240G,3.0857,2.9030253333333267,795.36,0.0,5.8,4.41,0.18267466666667342
985,ARIZONA FRUIT PUNCH 340ML,1.1769,1.177085333333332,208.56,2.0,0.0,0.0,-0.00018533333333192736
1005,DETERGENTE VEL ROSITA 450ML,5.403,5.271585333333343,346.23,0.0,0.0,6.01,0.13141466666665647
1033,FILIPPO VINAGRE BLANCO 500 ML,4.3,4.26282533333333,22.52,0.0,1.55,0.0,0.03717466666666969
1139,NUTRALIA ACEITE GALLO CLASSICO EXTRA VIRGEN 500ML,18.1571,18.283697333333293,829.97,23.755,0.0,0.0,-0.1265973333332937
1177,TANG DE NARANJA 20GR,0.4464,0.46854133333333314,748.22,0.5,0.0,0.0,-0.022141333333333124
1179,TANG DE LIMON 20GR,0.4316,0.465165333333334,715.71,0.5,0.0,0.0,-0.033565333333334
1185,BELVITA HONY BRAN 252GR,2.3232,2.3250326666666608,3501.75,2.9,2.98,0.0,-0.0018326666666608205
1187,SODA PREMIUM 6UND,1.214,1.216386666666666,965.52,0.0,0.0,1.61,-0.002386666666666093
1188,MINI CHIPS 180GR,1.4496,1.4430113333333343,1444.89,1.8,0.0,0.0,0.006588666666665688
1189,SORBETICOS VAINILLA 100GR,1.1272,1.1256399999999998,1058.85,1.3,0.0,0.0,0.0015600000000002279
1196,BELVITA KRAKER BRAN 234GR,2.3232,2.3240153333333273,3991.21,2.9,0.0,0.0,-0.0008153333333273949
1197,KRAFT MAYONESA 175GR,1.9344,1.9317660000000012,8638.36,1.8,2.05,0.0,0.002633999999998693
1207,CRUSTISSIMO TORTILLAS M 330GR,2.884,2.887270666666668,1006.16,3.5,0.0,0.0,-0.0032706666666681983
1214,CRUSTISSIMO TORTILLAS INTEGRAL M 330GR,3.1792,3.1811953333333296,852.51,3.8,0.0,0.0,-0.0019953333333297962
1236,HEINZ MOSTAZA VID 490G,3.6171,3.5504466666666636,992.43,0.0,0.0,4.94,0.06665333333333656
1237,HEINZ PASSATA 480G,2.9576,2.9621000000000053,551.19,0.0,0.0,4.26,-0.0045000000000055
1239,HEINZ SALSA PARA PIZZA 480G,3.1608,3.1795666666666653,473.78,0.0,0.0,4.29,-0.018766666666665266
1241,TQF PASTA DE TOMATE 200G,2.0688,2.069535333333336,2125.27,0.0,0.0,3.035,-0.0007353333333361967
1242,HEINZ PURE DE TOMATE 490G,3.2982,3.3024113333333385,326.89,0.0,0.0,4.71,-0.004211333333338452
1282,HEINZ COL. POUCH PERA 113 GR,1.0,0.9971153333333338,1291.66,0.0,1.23,0.0,0.0028846666666662024
1290,PEPSI LIGHT 2LT,1.4824,1.4868293333333358,869.54,1.28,0.0,0.0,-0.004429333333335839
1302,PIRULIN ESTUCHE DE LUJO 120GR,3.3971,3.381188000000008,1326.05,5.2,5.17,0.0,0.015911999999992155
1379,HIERBABUENA KG,2.8467,2.8381806666666662,267.66,0.0,2.49,0.0,0.008519333333333545
1395,MARY PASSATA DE TOMATE 700GR,4.1845,4.174774000000003,363.41,6.1,5.96,0.0,0.009725999999997015
1412,ARAUCA - CAFE 200GR,2.7388,2.7255000000000043,3486.92,2.995,3.2249999999999996,0.0,0.013299999999995649
1413,SAN SALVADOR - CAFE 200GR,2.6028,2.6059386666666677,4069.31,3.01,3.01,0.0,-0.0031386666666679552
1415,CALEDONIA MARIA CACAO 150GR,0.9072,0.907441333333334,1697.62,1.38,0.0,0.0,-0.00024133333333398177
1424,SINDONI PASTA PREMIUM VERMICELLI 1KG,1.1778,1.176927999999999,3642.26,2.01,0.0,0.0,0.0008720000000008721
1428,SINDONI PASTICHO DIRECTO AL HORNO 250G,1.2696,1.2553933333333316,1146.57,0.0,0.0,1.54,0.014206666666668477
1487,MARY PALMITOS ENTEROS 400G,4.755,4.734664666666666,325.01,0.0,0.0,7.85,0.020335333333333594
1489,CALEDONIA MARIA 252GR,0.9643,0.9690606666666668,6313.6,1.22,0.0,0.0,-0.004760666666666746
1511,MC CORMICK SALSA INGLESA 150ML,1.2971,1.2048173333333336,571.05,1.5,1.86,1.3466666666666667,0.09228266666666629
1521,MC CORMICK SALSA DE AJO 150ML,1.3452,1.333692666666669,571.94,0.0,0.0,1.54,0.011507333333330871
1522,MERU SAL 1KG,0.545,0.5579113333333344,1084.79,0.8,0.0,0.0,-0.012911333333334385
1524,MONTALBAN AZUCAR CAFETIN 800 GR,2.7765,2.7805213333333327,280.74,2.8,0.0,0.0,-0.004021333333332766
1544,MALTIN POLAR N/RET 250ML,0.705,0.7074593333333319,256.8,0.84,0.0,0.0,-0.0024593333333319256
1549,HUEVOS CARTON - 30UND,4.586,4.650223333333339,73472.6,0.0,0.0,6.54,-0.06422333333333885
1552,HUEVOS MEDIO CARTON - 15UND,2.4192,2.4118066666666627,121617.6,0.0,0.0,3.6,0.00739333333333736
1583,FLOR DE ARAUCA CAFE 200G,2.7129,2.705710666666662,4668.85,0.0,0.0,3.1900000000000004,0.007189333333337711
1586,MUNCHY - CHIS KESITOS 145GR,1.2885,1.2882833333333323,2680.59,1.6,0.0,0.0,0.000216666666667642
1606,SONRISSA - PUDIN CHOCOLATE 72GR,1.057,1.0573766666666673,665.54,0.0,1.72,0.0,-0.00037666666666735793
1624,PLUMROSE JAMON ENDIABLADO 110 GR,2.0787,2.0805466666666685,6089.13,2.8,3.1,0.0,-0.0018466666666685505
1650,MUNCHY - CHISKESITOS TOCINETA 145GR,1.2458,1.2463053333333347,2239.04,0.0,1.76,0.0,-0.0005053333333346899
1746,CAMPONESA DULCE DE LECHE 300G,2.6968,2.6932199999999966,321.3,0.0,0.0,3.06,0.0035800000000034693
1790,FLOR DE ARAUCA - CAFE 500GR,7.0596,6.71247200000001,3534.09,7.5,0.0,0.0,0.3471279999999899
1809,HEINZ SONRISSA GELATINA CEREZA 66 GR,1.4228,1.427051333333332,1162.33,0.0,1.99,0.0,-0.00425133333333183
1918,SAN SALVADOR - CAFE 500GR,5.5958,5.646380666666675,2803.06,7.5,7.49,0.0,-0.05058066666667571
2101,MARY ARROZ INTEGRAL 800GR,1.6191,1.6276300000000012,1840.88,0.0,2.31,0.0,-0.008530000000001259
2222,SELVA VASO V-7,5.2433,5.246682666666662,122.3,11.86,0.0,0.0,-0.003382666666662537
2229,SONRISSA - GELATINA UVA 66G,1.4096,1.3924046666666694,721.63,0.0,2.04,1.95,0.017195333333330565
2263,MAVESA MAYONESA 175GR,2.0092,2.010576,13557.08,1.96,1.99,0.0,-0.0013760000000000439
2264,HEINZ - KETCHUP PET 397GR,2.1362,2.1246293333333326,6082.5,2.3266666666666667,2.8,0.0,0.011570666666667506
2283,BADIA - LECHE DE COCO 400ML,3.4467,3.3967686666666723,137.37,5.0,0.0,3.57,0.049931333333327554
2284,SONRISSA GELATINA DE PIÑA 66 GR,1.3956,1.3947800000000012,656.42,1.71,2.09,0.0,0.0008199999999987106
2287,SONRISSA GELATINA DE LIMON 66 GR,1.4067,1.4062706666666673,486.48,0.0,1.99,0.0,0.0004293333333327265
2289,SONRISSA PUDIN DE VAINILLA 58 GR,1.1732,1.1738100000000002,675.01,1.29,1.8,0.0,-0.0006100000000002215
2313,LA PROTECTORA - CAFE 200GR,2.403,2.4006713333333347,6300.26,2.56,0.0,0.0,0.0023286666666653133
2372,SONRISSA GELATINA FRESA 66 GR,1.437,1.4363646666666698,980.98,1.57,2.09,0.0,0.0006353333333302125
2373,SONRISSA GELATINA FRAMBUESA 66 GR,1.4387,1.4367666666666699,999.53,1.71,2.1,0.0,0.0019333333333302338
2384,CAPRI - PASSATA DE TOMATE DI POMODORO 690 GR,3.5767,3.563206666666668,522.87,0.0,4.11,0.0,0.013493333333332025
2387,HEINZ TOMATE KETCHUP PICANTE 397 G,1.9874,1.9853906666666663,429.56,0.0,0.0,2.45,0.0020093333333337515
2426,CAPRI - SALSA NAPOLI 190GR,1.264,1.2658906666666676,401.08,1.73,0.0,0.0,-0.0018906666666675953
2476,LA GIRALDA - SALSA INGLESA 150ML,0.8429,0.9099046666666664,411.23,0.0,0.0,2.3333333333333335,-0.06700466666666638
2489,CAPRI - PASTA ESPEC.PASTICHO DIRECTO H. 250G,1.6605,1.6570186666666713,396.08,0.0,0.0,1.29,0.0034813333333287844
2493,OLYMPIA - TE MORINGA 12G,2.1716,2.1719140000000055,140.84,0.0,0.0,2.97,-0.0003140000000052545
2496,OLYMPIA - TE TILO 12G,2.1285,2.1257499999999965,146.96,0.0,0.0,2.98,0.002750000000003361
2498,CAPRI ACEITE DE OLIVA VIRGEN EXTRA 500ML,11.8086,11.592180666666676,1363.19,14.41,0.0,0.0,0.21641933333332375
2537,PEPSI PET 1LT,0.8984,0.9055119999999992,2287.65,0.89,0.0,0.0,-0.00711199999999923
2628,CRUSTISSIMO - PAN DE SANDWICH BLANCO 500GR,2.3237,2.323327999999995,1289.72,2.9133333333333336,2.12,0.0,0.00037200000000492395
2629,CRUSTISSIMO - PAN 100% INTEGRAL + AVENA 500GR,4.2341,4.234338000000008,677.08,3.75,0.0,0.0,-0.00023800000000839816
2659,HOLSUM - PAN SANDWICH BLANCO 420GR,2.206,2.1977326666666652,3569.11,1.25,1.45,0.0,0.008267333333334737
2674,HEINZ - COLADO BANANA 113GR,0.8741,0.8741239999999991,359.42,1.1225,1.2533333333333332,0.0,-2.3999999999135824e-05
2736,MAVESA MARGARINA 1KG,5.1924,4.88960600000001,3139.78,5.24,0.0,5.51,0.3027939999999898
2809,PLUMROSE - JAMON ENDIABLADO 60GR,1.0227,1.0230679999999992,3293.71,1.8,1.99,0.0,-0.0003679999999992578
2854,HEINZ SONRISSA GELATINA FRAMBUESA FLEXIBLE 132GR,1.8844,1.882196666666668,546.04,2.11,0.0,0.0,0.0022033333333320027
2858,MAVESA - MARGARINA LIGERA 500G,2.7291,2.720281333333334,1626.75,0.0,0.0,2.88,0.008818666666665642
2859,RIKESA - QUESO TOCINETA 300G,4.4526,4.516217333333333,1184.29,0.0,0.0,6.6,-0.0636173333333323
2945,MC CORMICK SALSA SOYA 150ML,1.631,1.245874666666667,458.42,1.51,1.9,1.3,0.3851253333333331
2949,UNDERWOOD - DIABLITOS LATA 115GR,2.0886,2.089608666666669,6092.14,0.0,3.69,0.0,-0.0010086666666691002
2956,IBERIA - CALDO DE POLLO EN POLVO 24GR,0.3686,0.4009980000000002,154.84,0.58,0.58,0.0,-0.032398000000000204
2957,IBERIA - CALDO DE CARNE EN POLVO 24GR,0.3683,0.39473666666666635,151.93,0.58,0.0,0.0,-0.02643666666666633
2958,IBERIA - SOPA DE POLLO C/FIDEOS 65GR,0.8753,0.8732926666666659,824.04,1.15,1.6,0.0,0.002007333333334027
2959,IBERIA - SOPA DE POLLO C/ARROZ 60GR,0.9485,0.9491153333333324,364.67,1.15,0.0,0.0,-0.0006153333333324129
2961,IBERIA - CREMA DE CHAMPIÑONES 55GR,1.3167,1.3176773333333325,304.14,1.53,0.0,0.0,-0.0009773333333324974
2962,IBERIA - BASE PARA CARAOTAS 50GR,1.3392,1.3398286666666699,456.13,2.04,0.0,0.0,-0.0006286666666699414
2964,IBERIA - BASE PARA ARROZ CON POLLO 50GR,1.3392,1.3398286666666699,460.75,2.04,0.0,0.0,-0.0006286666666699414
2965,IBERIA - ADOBO COMPLETO 40GR,0.6179,0.6150586666666672,287.06,0.86,0.0,0.0,0.0028413333333328072
2967,IBERIA - AJILLO MIX 30GR,0.811,0.8066440000000024,396.36,1.21,0.0,0.0,0.004355999999997695
2968,IBERIA - COLOR ONOTO MOLIDO 25GR,0.66,0.6446126666666651,230.41,0.86,0.75,0.0,0.015387333333334974
2969,IBERIA - COMINO MOLIDO 20GR,1.0071,1.0060253333333335,487.17,1.32,1.45,0.0,0.0010746666666665572
2970,IBERIA - CURRY EN POLVO 20GR,1.1286,1.1257240000000024,311.09,1.37,0.0,0.0,0.002875999999997658
2971,IBERIA - ONOTO ENTERO 20GR,0.7743,0.8081446666666651,125.75,3.46,0.75,0.0,-0.03384466666666508
2972,IBERIA - OREGANO ENTERO 5GR,0.9467,0.9484953333333344,300.89,0.79,0.0,0.0,-0.0017953333333343702
2974,IBERIA - PIMIENTA NEGRA MOLIDA 20GR,1.2661,1.2651086666666644,486.92,1.65,1.79,0.0,0.0009913333333355645
2975,IBERIA - SABROSEADOR 30GR,0.6439,0.642338666666667,293.51,0.85,0.0,0.0,0.0015613333333330814
2976,IBERIA - ALBAHACA ENTERA 20GR,2.4979,2.4916166666666673,112.74,3.32,0.0,0.0,0.006283333333332752
2980,IBERIA - CANELA EN POLVO 65GR,4.7,4.715578666666673,242.1,6.22,0.0,0.0,-0.015578666666672625
2981,IBERIA - CURCUMA MOLIDA 70GR,2.7359,2.7379699999999993,195.41,4.58,0.0,0.0,-0.00206999999999935
2983,IBERIA - LAUREL ENTERO 8GR,2.4635,2.464181333333337,137.13,2.82,0.0,0.0,-0.0006813333333370863
2987,IBERIA - PEREJIL ENTERO 15GR,2.7128,2.7136200000000015,80.54,3.22,3.43,0.0,-0.0008200000000013752
2988,IBERIA - PIMENTON ESPAÑOL 60GR,3.8248,3.823623333333327,283.89,4.76,0.0,0.0,0.001176666666673043
2991,IBERIA - TOMILLO ENTERO 30GR,3.295,3.2941113333333396,105.84,4.33,0.0,0.0,0.0008886666666603205
2992,IBERIA - PIMIENTA BLANCA MOLIDA 65GR,18.762,18.901013333333335,95.77,6.220000000000001,0.0,0.0,-0.13901333333333454
2996,IBERIA - CLAVOS DE OLOR ENTEROS 40GR,4.2555,4.252261999999999,309.45,5.35,0.0,0.0,0.0032380000000005182
2997,IBERIA - ANIS ESTRELLADO 30GR,3.641,3.64471466666667,160.99,4.83,0.0,0.0,-0.0037146666666698636
2998,IBERIA - SALSA DE SOYA 150ML,1.8333,1.8135780000000026,1108.19,1.71,0.0,2.03,0.019721999999997353
2999,IBERIA - SALSA INGLESA 150ML,1.8333,1.8135780000000026,936.92,1.71,0.0,2.03,0.019721999999997353
3000,IBERIA - SALSA DE AJO 150ML,1.2991,1.2914306666666675,720.26,1.87,0.0,2.14,0.007669333333332418
3001,IBERIA - SALSA DE AJI PICANTE PIRI PIRI 150ML,1.7426,1.7454013333333356,380.78,2.1,0.0,0.0,-0.002801333333335654
3002,IBERIA - VINAGRE 1LT,1.5445,1.540084,538.85,2.52,2.4,0.0,0.0044159999999999755
3023,CRUSTISSIMO - PAN MOLIDO 250GR,0.9867,0.9870173333333336,212.76,1.0,0.0,0.0,-0.0003173333333336137
3053,FLIPS CHOCOLATE 220 GR,2.6033,2.6097526666666635,5679.58,0.0,3.64,0.0,-0.0064526666666635535
3054,FLIPS DULCE DE LECHE 220GR,3.513,3.496971999999999,3258.08,3.165,3.65,0.0,0.01602800000000082
3055,FLIPS CHOCOLATE 6X28 GR,2.774,2.778975333333335,825.43,3.2,0.0,0.0,-0.004975333333335108
3087,ELITE GALLETA TUBULAR CHOCOLATE 100GR,0.7274,0.7315960000000009,450.94,1.01,1.01,0.0,-0.004196000000000866
3088,PUIG MINI BROWNIE 175GR,1.2839,1.2831106666666645,853.88,0.0,1.61,0.0,0.000789333333335529
3089,PUIG COOKY CHIPS 200GR,1.9005,1.890244666666666,906.54,2.63,2.44,0.0,0.010255333333334171
3106,DEL MONTE - GUISANTE CON ZANAHORIA 241GR,3.1237,3.115005333333332,469.13,4.48,0.0,0.0,0.00869466666666785
3110,SANTONI ROCKET PLANET - CHOCOLATE 220GR,2.1767,2.177489333333334,2001.27,3.12,0.0,0.0,-0.0007893333333339747
3133,PASTA MARY PREMIUM LINGUINI 500GR,0.995,0.9958213333333352,521.99,1.27,1.45,0.0,-0.000821333333335228
3143,FRITO LAY - NATUCHIPS PLATANITOS MADURITOS 150GR,3.2339,3.2215366666666707,893.17,3.7,4.15,0.0,0.012363333333329507
3144,FRITO LAY - NATUCHIPS PLATANITOS ONDULADOS 145GR,2.8747,2.8619753333333366,638.38,0.0,3.38,0.0,0.012724666666663165
3148,NUCITA - MEZCLA P/ PANQUECAS 500GR,2.3667,2.3645193333333303,249.69,0.0,3.93,0.0,0.002180666666669495
3149,NUCITA - DOBLE SABOR 35GR,0.9258,1.1005753333333346,727.25,1.16,1.19,1.25,-0.17477533333333461
3152,CAPRI - PASTA PREMIUM VERMICELLI 1KG,1.675,1.6787386666666688,564.2,2.04,0.0,0.0,-0.0037386666666687773
3160,KALDINI - NOODLES CUP DE POLLO 60GR,1.5255,1.5268733333333302,692.94,2.22,0.0,0.0,-0.0013733333333301179
3161,KALDINI - NOODLES CUP DE CARNE 60GR,1.4981,1.497411999999998,728.79,1.83,0.0,0.0,0.0006880000000020203
3163,KALDINI - ACETO BALSAMICO DI MODENA 500ML,4.7795,4.77247133333333,236.23,6.79,0.0,0.0,0.007028666666669459
3164,KALDINI - ACEITE DE COCO ORGANICO VIRGEN 500ML,8.936,9.107849999999997,2666.96,10.87,0.0,0.0,-0.1718499999999974
3165,KALDINI - SAL MARINA CON PIMIENTO AHUMADO 220GR,4.462,4.444099333333332,202.16,7.17,0.0,0.0,0.017900666666667675
3166,KALDINI - CHAMPIÑONES ENTEROS 400GR,2.2948,2.2933153333333363,865.75,2.89,0.0,0.0,0.001484666666663692
3169,QUAKER AVENA ORIGINAL EN HOJUELA 800 GR,2.7838,2.786566,483.97,3.07,0.0,0.0,-0.0027660000000002682
3227,VINAGRE TQF 500 CC,0.9367,0.935214000000001,2320.46,0.0,1.36,0.0,0.0014859999999989881
3233,TROLLI MINI BURGER 50GR,1.8279,1.8317079999999983,245.41,2.8,0.0,0.0,-0.0038079999999982572
3242,YUNE - CASABE TUBITO NATURAL 80GR,1.0,0.9991913333333335,379.62,0.0,1.29,0.0,0.0008086666666664577
3243,YUNE - CASABE TUBITO PICANTE 80GR,1.0,0.99226,180.1,0.0,1.29,0.0,0.007739999999999969
3271,HEINZ - PASTA DE TOMATE 511GR,4.7685,4.7713900000000065,562.31,5.6,0.0,0.0,-0.0028900000000060544
3272,HEINZ - SALSA DE SOYA 150ML,1.6491,1.6446146666666694,1066.11,1.83,0.0,2.14,0.004485333333330566
3274,CAPRI - PASTA PREMIUM TORNILLO 500GR,0.9833,0.9834306666666672,396.25,1.08,0.0,0.0,-0.00013066666666727844
3275,CAPRI - PASTA PREMIUM CODITO 500GR,1.0311,1.0295266666666671,328.12,1.08,0.0,0.0,0.0015733333333327604
3276,CAPRI - PASTA PREMIUM PLUMA 500GR,0.9844,0.9842566666666654,404.52,1.08,0.0,0.0,0.0001433333333346054
3278,CAPRI - PASTA PREMIUM ÑOQUI 500GR,0.9925,0.9975506666666691,512.4,1.08,0.0,0.0,-0.00505066666666909
3280,CAPRI - PASTA ESP. ARROCITO BEBES - 3 VEGETALES 250GR,1.6074,1.6118613333333378,239.05,1.77,0.0,0.0,-0.004461333333337869
3281,CAPRI - PASTA 3 VEGETALES PLUMA 500GR,2.0167,2.0168740000000023,423.32,2.09,0.0,0.0,-0.0001740000000021169
3282,CAPRI - PASTA CANNELLONE CON ESPINACA 250GR,1.6492,1.6477986666666677,83.81,1.74,0.0,0.0,0.0014013333333322553
3283,OLYMPIA - BICARBONATO DE SODIO 155GR,2.0483,2.044999333333335,859.87,3.32,0.0,0.0,0.003300666666664842
3284,OLYMPIA - POLVO DE HORNEAR 120GR,2.0374,2.038327333333331,479.44,3.28,0.0,0.0,-0.0009273333333310596
3285,OLYMPIA - ESENCIA DE VAINILLA 150ML,2.5817,2.579206666666671,739.84,4.33,0.0,0.0,0.0024933333333292396
3286,MANANTIAL BICARBONATO DE SODIO 20GR,0.8006,0.7961726666666677,378.61,1.0,1.1,0.0,0.0044273333333322284
3320,OKI BASIC PAÑALES DESECHABLES TALLA XG 9UND,2.2226,2.2211320000000017,200.04,3.43,0.0,0.0,0.0014679999999982485
3326,SINDONI - PASTA PREMIUM PLUMITA 1KG,1.301,1.2901906666666658,554.18,2.28,0.0,2.0949999999999998,0.010809333333334115
3327,MAGGI SOPA DE POLLO CON FIDEOS 62GR,1.025,1.0249726666666679,2174.41,1.2650000000000001,1.33,0.0,2.7333333332046905e-05
3353,NUCITA - DOBLE SABOR 200GR,4.1915,4.187630000000006,246.18,6.28,6.92,0.0,0.003869999999993823
3382,CRUSTISSIMO PANQUE VAINILLA 50GR,0.7363,0.7328973333333331,73.21,0.0,1.03,0.0,0.003402666666666887
3383,CRUSTISSIMO PANQUE MARMOLEADO 50GR,0.78,0.7780453333333341,76.75,0.0,1.1,0.0,0.001954666666665883
3385,CRUSTISSIMO PANQUE CHOCOLATE 50GR,0.7737,0.7720653333333345,57.36,0.0,1.06,0.0,0.001634666666665563
3392,SINDONI PASTA PREMIUM VERMICELLI 500GR,0.7265,0.7296260000000004,326.19,1.26,0.0,0.0,-0.0031260000000004062
3394,ARIEL - DETERGENTE LIQUIDO CONCENTRADO 800ML,6.8111,6.255775333333342,277.73,0.0,0.0,8.055,0.5553246666666576
3417,HEINZ COLADO MELOCOTON 113GR,0.8657,0.8694833333333339,430.37,1.145,1.16,0.0,-0.003783333333333916
3433,GARBANZO PANTERA 454G,2.4009,2.4024453333333304,765.98,0.0,0.0,2.82,-0.001545333333330401
3434,KONFIT - AZUCAR 1KG,1.4273,1.3681640000000017,10412.54,0.0,1.56,15.63,0.0591359999999983
3443,SDLA MERMELADA DE PIÑA 250GR,2.3943,2.395793333333329,258.65,2.93,0.0,0.0,-0.0014933333333289056
3476,MONTALBAN PUDIN DE FRESA 90GR,1.245,1.2514940000000019,327.08,1.685,2.68,0.0,-0.006494000000001776
3539,LA CAMPIÑA LECHE SEMIDESC VIGIA 900G,12.3669,12.148193999999991,1662.44,0.0,0.0,16.0,0.21870600000000806
3541,LA CAMPIÑA LECHE EN POLVO 200GR,2.6411,2.6393919999999977,3301.14,3.76,0.0,0.0,0.0017080000000020412
3543,PARMALAT LECHE CONDENSADA LATA 395G,3.0035,3.0018759999999975,1824.16,0.0,0.0,4.1,0.0016240000000022903
3544,PARMALAT LECHE COMPLETA UHT SLIM 1LT.,2.2718,2.274638666666664,3536.45,3.26,0.0,0.0,-0.0028386666666642135
3545,PARMALAT LECHE DESCREMADA UHT 1L,2.2727,2.2710726666666603,1474.52,0.0,0.0,2.42,0.0016273333333396423
3546,PARMALAT BEBIDA MALT RIKO MALT UHT 1LT,3.7068,3.7169293333333298,907.8,4.63,0.0,0.0,-0.010129333333329882
3567,HEINZ COLADO POSTRE DE FRUTAS 113GR,0.8832,0.8804226666666672,502.55,1.16,1.16,0.0,0.0027773333333327432
3569,HEINZ SPP BOLOGNESA 495GR,3.2053,3.1992033333333394,153.1,0.0,4.37,0.0,0.006096666666660422
3571,TQF SALSA SOYA 150ML,1.3057,1.2822560000000014,821.95,2.2671428571428573,1.59,2.2116666666666664,0.023443999999998688
3591,KALDINI - NOODLES CUP DE CAMARONES 60GR,1.5222,1.5244999999999982,601.85,1.83,0.0,0.0,-0.0022999999999981924
3610,MANANTIAL POLVO DE HORNEAR 40GR,1.0905,1.0872880000000003,143.65,1.45,0.0,0.0,0.0032119999999997706
3635,CAPRI PASTA TORNILLO EXTRA ESPECIAL 1 KG,1.4562,1.4468873333333312,396.68,0.0,1.99,0.0,0.009312666666668745
3671,CALIDEX - CLORO NATURAL 900ML,1.4917,1.4906240000000022,280.64,0.0,0.0,3.1,0.0010759999999978564
3678,BIMBO TORTILLAS RAPIDITAS MANTEQUILLA 330GR,2.79,2.791094000000006,937.44,3.5,0.0,0.0,-0.0010940000000059236
3679,BIMBO TORTILLAS RAPIDITAS MEDITERRANEAS 330GR,2.79,2.791094000000006,1001.72,3.5,0.0,0.0,-0.0010940000000059236
3680,HOLSUM PAN INTEGRAL 420GR,3.0545,3.046736000000003,2468.83,3.3,0.0,0.0,0.0077639999999967735
3681,BIMBO PAN PERRO CON AJONJOLI 500GR JUMBO,3.1093,3.106850666666671,304.67,2.9,0.0,0.0,0.0024493333333293066
3694,ONOTO EN GRANOS KG,10.9605,10.631453999999986,595.76,0.0,16.9,0.0,0.32904600000001416
3697,ACEITUNAS CON PIMENTON KG,7.838,7.589229333333327,2240.07,0.0,10.9,0.0,0.24877066666667336
3699,CAPRI - PASTA PREMIUN PLUMA 1KG.,1.6543,1.3736933333333359,340.37,2.04,1.99,1.97,0.28060666666666423
3808,FRESCARINI SALSA DE CHORIZO PICANTE 190GR,1.214,1.2142933333333323,100.46,1.69,0.0,0.0,-0.00029333333333236844
3824,ELITE GALLETA TUBULAR VAINILLA 100GR,0.71,0.7104853333333316,238.93,0.89,1.1,0.0,-0.0004853333333316723
3847,KALDINI - JALAPEÑO EN RODAJAS 480GR,3.83,3.832637999999998,194.97,7.19,0.0,0.0,-0.00263799999999792
3850,KALDINI - NOODLES FIDEOS SABOR VEGETALES 70GR,0.7606,0.7597073333333317,386.77,0.97,1.09,0.0,0.0008926666666683181
3862,HEINZ PASTA DE TOMATE DOBLE CONCENTRADA 200GR,2.2979,2.2935426666666703,612.17,2.7,0.0,0.0,0.004357333333329549
3864,HEINZ SPP COMPLETA CON CARNE Y QUESO 195GR,1.5392,1.540086666666664,134.19,1.8,0.0,0.0,-0.0008866666666640377
3865,MUNCHY TOCINETA PICANTE 160 GR,2.58,2.5787786666666674,298.23,3.1,0.0,0.0,0.0012213333333326304
3867,LA CUMBRE SALSA INGLESA 150ML,0.9517,0.9100500000000007,232.09,0.0,0.0,1.28,0.0416499999999993
3869,TQF SALSA INGLESA 150ML,1.151,1.1252653333333344,439.46,1.7175,0.0,1.488,0.025734666666665573
3876,IBERIA - BASE P/SALSA BECHAMEL 50GR,1.3695,1.372037999999999,407.61,2.04,2.45,0.0,-0.002537999999999041
3880,CALEDONIA MARIA CON CANELA 150GR,1.0574,1.0552960000000013,931.03,1.38,1.35,0.0,0.0021039999999985515
3900,JACK'S MANI SALADO 175GR,2.6323,2.6172506666666626,640.93,2.6,2.88,0.0,0.015049333333337245
3957,COLAVITA-VINAGRE DE VINO BLANCO 500ML,3.76,3.748541333333329,26.16,4.4,0.0,0.0,0.011458666666670947
3984,KALDINI PATE DE ATUN 100G,2.0762,2.0714933333333305,454.19,0.0,0.0,2.4766666666666666,0.004706666666669523
4128,AMANECER - CARAOTAS NEGRAS 400GR,1.0925,1.0892946666666674,1926.28,0.0,1.29,0.0,0.003205333333332616
4130,AMANECER - MAIZ DE COTUFA 400GR,1.0817,1.081674000000001,1267.88,1.55,0.0,0.0,2.5999999999193335e-05
4131,AMANECER - LENTEJAS 400GR,1.5038,1.5010613333333365,2110.02,1.58,0.0,0.0,0.0027386666666635584
4132,AMANECER - AZUCAR REFINADA 1KG,1.55,1.3921666666666688,8055.91,0.0,1.89,1.77,0.15783333333333127
4134,CAFE EN GRANO DELLA NONNA 1KG,13.8687,13.577002,567.7,14.87,0.0,0.0,0.29169800000000023
4139,DEL MONTE -TOMATES EN TROCITOS CON ALBAHACA 411G,2.632,2.6506940000000023,19.54,0.0,0.0,4.93,-0.01869400000000221
4141,PRIMOR PASTA DEDALES 1KG,2.1253,2.1246386666666655,1245.11,0.0,0.0,2.18,0.0006613333333347349
4187,NATULAC TE NEGRO DE LIMON TBA 1LT,1.1989,1.1993926666666668,239.47,1.8,0.0,0.0,-0.0004926666666666968
4207,TK - DETERGENTE 1L,1.976,1.973019333333333,541.28,0.0,0.0,2.13,0.0029806666666669646
4231,TQF SALSA DE AJO 150ML,1.1195,0.9822966666666662,503.01,1.56,1.31,1.2966666666666666,0.1372033333333338
4259,PRIMOR ARROZ PERLADO 900GR,1.64,1.6349826666666623,300.09,2.08,2.0,0.0,0.005017333333337648
4263,DOWNY SUAVIZANTE AROMA FLORAL 700ML,3.32,3.3177386666666644,606.76,0.0,0.0,4.38,0.002261333333335447
4267,BUBBALOO - SPARKIES 25GR,0.245,0.4073519999999993,263.11,0.0,0.45,0.0,-0.16235199999999933
4270,MINALBA SPARKLING CLUB SODA LATA 355ML,1.05,1.0493726666666674,850.12,1.3,0.0,0.0,0.000627333333332647
4281,MAGGI SOPA DE POLLO CON ARROZ 62G,1.0979,1.0902213333333346,565.42,0.0,0.0,1.5775000000000001,0.007678666666665501
4284,CAPRI - PASTA ESPECIALIDAD DEDAL VEGETALES 500GR,1.9707,1.9699680000000004,307.94,2.09,0.0,0.0,0.0007319999999995108
4288,CAPRI - PASTA PREMIUM ESPAGUETTINI 1KG,1.6233,1.624201333333334,405.14,2.14,0.0,0.0,-0.0009013333333340867
4309,DEL MONTE - TOMATE KETCHUP 680GR,2.1411,2.1441953333333297,792.42,4.23,0.0,0.0,-0.003095333333329897
4329,MC CORMICK - PASTA DE AJI DULCE 200GR,3.0281,3.026326666666665,124.46,3.38,0.0,0.0,0.0017733333333347367
4337,WYNCO - PAPA CRUNCH CREMA Y CEBOLLA 100G,2.2425,2.23417066666667,439.24,0.0,0.0,3.11,0.00832933333333008
4371,HARINA BLANCA FLOR TODO USO 1KG,1.1235,1.1214593333333356,464.82,1.26,1.55,0.0,0.002040666666664359
4427,HEINZ SALSA PARA PASTA NAPOLITANA 195 GR,1.535,1.545613999999999,287.23,0.0,2.3449999999999998,0.0,-0.010613999999999013
4431,KALDINI HARINA DE COCO ORGANICA 500GR,3.6288,3.631668000000002,132.93,3.91,0.0,0.0,-0.002868000000002091
4456,CAPRI - PASTA EXTRA ESPECIAL RIGATONI 500GR,1.0413,1.0346693333333357,123.93,2.19,0.0,0.0,0.006630666666664231
4476,VICONE AVENA EN HOJUELA 800 GR,2.7912,2.7903646666666684,518.18,2.72,0.0,0.0,0.0008353333333315227
4477,HEINZ PURE DE TOMATE 190GR,1.6393,1.6345359999999973,247.08,1.9,2.09,0.0,0.004764000000002655
4489,BIMBO PAN MOLIDO 300GR,1.3,1.297716666666668,128.69,1.4,1.49,0.0,0.0022833333333320827
4520,PUIG MORDISQUITO FRESA 150GR.,1.2519,1.2522880000000023,508.49,1.51,0.0,0.0,-0.0003880000000022754
4522,MINI MARILU CHOCOLATE TUBULAR 100GR,0.7573,0.7564139999999998,504.11,1.06,0.0,0.0,0.0008860000000001644
4523,MINI MARILU VAINILLA TUBULAR 100GR,0.7712,0.7749939999999979,360.58,1.06,1.15,0.0,-0.0037939999999978546
4536,ONCE ONCE PANQUE DE VAINILLA 390 GR,6.04,6.084325999999988,285.7,6.19,0.0,0.0,-0.04432599999998832
4537,ONCE ONCE PANQUE DE CHOCOLATE 390 GR,6.04,6.070963333333322,265.19,6.7,0.0,0.0,-0.030963333333321685
4554,MARSHMALLOWS S/ SURTIDOS 100 GR,0.8433,0.8439066666666656,503.94,0.0,1.44,0.0,-0.000606666666665534
4557,MUNCHY - CHICHARRON VINAGRE Y LIMON 62GR,1.8856,1.888394666666669,799.26,2.4,0.0,0.0,-0.0027946666666691655
4558,MUNCHY - CHICHARRON CRIOLLO 90 GR,2.4444,2.4277879999999947,784.85,3.0,3.29,0.0,0.016612000000005178
4593,NESCAFE GOLD 100GR,8.44,8.653628666666686,498.55,11.73,0.0,0.0,-0.21362866666668623
4620,VALE DETERGENTE EN POLVO MAXIMO PODER 400G,0.99,1.0046859999999995,405.85,0.0,0.0,1.52,-0.014685999999999533
4622,CRUSTISSIMO TORTILLA ESPINACA 100% INTEGRAL 220GR,3.182,3.1847846666666695,422.46,3.8,0.0,0.0,-0.002784666666669544
4629,RIKESA QUESO ORIGINAL 200 GR,3.0231,3.0159806666666666,3067.82,0.0,3.91,0.0,0.007119333333333255
4644,MARSHMALLOWS MINI BLANCO 100GR,0.885,0.8812973333333342,55.44,1.21,0.0,0.0,0.0037026666666658548
4653,MANZANILLA KG,6.2955,6.221639999999982,127.38,4.3,4.35,0.0,0.07386000000001758
4719,PASTA MARY TRADICIONAL VERMICELLI 1 KG,1.3367,1.346451333333334,1336.51,0.0,1.98,2.19,-0.009751333333334111
4720,PASTA MARY TRADICIONAL SPAGHETTI 1 KG,1.3846,1.3806493333333356,1097.66,0.0,0.0,2.03,0.0039506666666644374
4721,MARY ARROZ TRADICIONAL 900G,1.228,1.2269380000000008,5524.57,0.0,0.0,18.75,0.0010619999999992302
4731,TRENTO CHOCOLATE 32GR,0.6217,0.669824666666667,517.47,0.0,0.875,0.0,-0.048124666666666926
4736,SUSY MAXI 50GR,0.7408,0.7402653333333313,484.37,1.13,0.0,0.0,0.0005346666666686817
4738,OREO FRESA TUBO 96GR.,1.0286,1.028880000000001,867.96,1.3,0.0,0.0,-0.00028000000000094616
4739,OREO AMERICANO TUBO 96GR.,1.0108,1.0092293333333338,1938.07,1.3,0.0,0.0,0.001570666666666165
4740,OREO TIPO AMERICANO 192GR,1.9593,1.9612080000000025,1840.67,2.4,0.0,0.0,-0.0019080000000024633
4746,MANI SALADO KG,6.2755,6.28089933333332,439.67,0.0,8.99,0.0,-0.005399333333319767
4779,VALE CLORO JABONOSO BEBE 1L,2.23,2.227133333333335,178.94,0.0,0.0,3.1,0.0028666666666650187
4783,HEINZ COL. POUCH FRUTAS TROPICALES 113 GR,0.9692,0.9647393333333336,311.74,0.0,1.16,0.0,0.004460666666666335
4788,QUINCHONCHO PANTERA 500GR,2.04,2.0384506666666673,156.17,2.11,0.0,0.0,0.0015493333333327364
4792,ISELITA YUCA CHIPS CREMA CEBOLLA 70GR,1.1375,1.1331786666666668,361.28,1.89,0.0,0.0,0.004321333333333177
4798,FLIPS DULCE DE CHOCOLATE 400GR,4.2983,4.301826000000001,215.98,5.64,0.0,0.0,-0.0035260000000008063
4812,CAPRI SALSA PARA PIZZA 190GR,1.765,1.7436286666666627,79.63,2.2,1.68,0.0,0.021371333333337184
4813,CAPRI PASTA DE TOMATE DOBLE CONCENTRADA 190GR,1.95,1.9493033333333305,164.8,2.18,0.0,0.0,0.0006966666666694543
4814,CAPRI SALSA NAPOLI 490GR,2.5809,2.590141333333335,128.7,0.0,3.86,0.0,-0.009241333333334989
4816,CAPRI SALSA BOLOGÑA 190GR,1.3262,1.3272500000000014,169.69,1.58,0.0,0.0,-0.0010500000000013276
4817,CAPRI PASTA JUEGA Y APRENDE FIGURITAS 250GR,1.31,1.3043273333333345,77.61,0.0,1.45,0.0,0.005672666666665549
4821,CAPRI PASTA EXTRA ESPECIAL DEDAL 500GR,0.913,0.9128626666666655,148.98,0.99,0.0,0.0,0.0001373333333345439
4849,ALBRO - SALSA DE MAIZ 240GR,1.0844,1.083928666666666,392.06,0.0,1.88,0.0,0.00047133333333393423
4850,ALBRO - MOSTAZA PREPARADA 260GR,1.0367,1.0374466666666662,587.85,0.0,1.79,0.0,-0.0007466666666662292
4880,GUANDY - GOMITAS OSITOS 71G,0.6245,0.6475719999999993,183.17,0.0,0.0,0.92,-0.023071999999999204
4881,GUANDY - GOMITAS GAJOS 71G,0.6285,0.634129333333334,195.08,0.0,0.0,0.895,-0.005629333333334041
4882,GUANDY GOMITAS CORAZONES 71GR,0.6082,0.608535999999998,162.34,0.88,0.0,0.0,-0.00033599999999800456
4883,GUANDY GOMITAS MARACUYA 71 GR,0.6082,0.6070193333333312,157.04,0.88,0.0,0.0,0.0011806666666687171
4961,ALVARIGUA CAFÉ GOURMET 200GR,2.6923,2.6965199999999956,2063.96,3.27,0.0,0.0,-0.004219999999995672
4965,ALVARIGUA SARDINA EN ACEITE VEGETAL 170GR,0.71,0.7047333333333319,29.6,1.0550000000000002,0.0,0.0,0.005266666666668085
4966,ALVARIGUA SARDINA EN SALSA DE TOMATE 170GR,0.702,0.707991333333332,580.49,1.01,0.0,0.0,-0.005991333333332016
4975,TIGO COMPOTA MANZANA 113GR,3.63,3.6314853333333317,236.93,1.15,0.0,0.0,-0.0014853333333317842
4976,TIGO COMPOTA PERA 113GR,0.85,0.8523753333333316,194.79,1.15,0.0,0.0,-0.0023753333333316196
4999,TIGO TARTALETAS LIMON 140GR,0.8792,0.8768813333333321,549.58,0.0,1.39,0.0,0.0023186666666679123
5010,RONCO FETTUCCINE 250G,1.4338,1.4318879999999974,262.08,0.0,0.0,1.92,0.0019120000000025783
5012,GALLETA MARIA TENTAZIONE NARANJA 200 GR,0.7975,0.8014393333333334,1022.0,1.39,0.0,0.0,-0.003939333333333406
5023,TUNAL NECTAR DE PERA LIGHT 1 LT,1.2,1.1996906666666656,237.21,1.7999999999999998,0.0,0.0,0.00030933333333438284
5024,TUNAL NECTAR DE MANZANA LIGHT 1 LT,1.218,1.216195999999999,237.29,2.15,0.0,0.0,0.001804000000001027
5026,NUCITA CRUNCH FLOW 120 GR,1.3667,1.3727306666666683,257.53,0.0,2.04,0.0,-0.006030666666668294
5027,SAN SIMON LECHE COMPLETA 400GR,4.8585,4.86713733333334,7057.62,7.13,0.0,0.0,-0.008637333333339825
5028,SAN SIMON LECHE EN POLVO COMPLETA 125G,1.5358,1.5336613333333313,3893.72,0.0,0.0,2.22,0.0021386666666687315
5030,SAN SIMON CHICHA CON LECHE 250 GR,1.353,1.3537686666666677,511.95,2.27,0.0,0.0,-0.00076866666666775
5046,HEINZ COLADO FRUTAS TROPICALES 113GR,0.8731,0.8741753333333317,133.68,1.145,0.0,0.0,-0.0010753333333317627
5055,HEINZ SALSA PARA PASTA NAPOLITANA 495 GR,3.24,3.2483786666666727,69.32,3.8,0.0,0.0,-0.00837866666667253
5059,MARY HARINA DE TRIGO LEUDANTE ENRIQUECIDA 900GR,1.2069,1.205185333333332,2571.5,1.51,0.0,0.0,0.0017146666666680854
5062,MARY HARINA DE MAIZ BLANCO 900GR,0.98,0.9796826666666664,4430.68,1.33,1.31,0.0,0.0003173333333336137
5073,OREO VAINILLA TUBO 96GR.,1.0627,1.0605720000000027,751.5,1.3,0.0,0.0,0.002127999999997243
5074,OREO CHOCOLATE TUBO 96GR.,0.9744,0.974896666666668,776.9,1.3,0.0,0.0,-0.000496666666667922
5081,TIGO GELATINA DE MORA 30GR,0.6067,0.6049873333333341,136.52,1.0,0.0,0.0,0.0017126666666659185
5090,MC CORMICK INFUSION FRUTOS DEL BOSQUE 20UND,3.2791,3.2704013333333437,161.06,3.85,0.0,4.16,0.008698666666656418
5092,MAIZORITOS NATURAL MIX BANANA Y NUECES 270GR,3.3013,3.3013686666666766,215.75,4.23,0.0,0.0,-6.866666667670884e-05
5108,AZUCAR ALVARIGUA 1KG,1.55,1.5452666666666688,4878.76,0.0,0.0,1.74,0.004733333333331258
5117,CRUSTISSIMO PAN INTEGRAL ALTO EN FIBRA 420GR,2.1183,2.1207933333333306,384.18,2.49,0.0,0.0,-0.002493333333330572
5141,ONCE ONCE PANQUE DE CHOCOLATE 65GR,0.9989,1.000426000000001,119.36,0.8,0.0,0.0,-0.0015260000000009155
5166,HUGGIES - PAÑAL TRIPLE PROTECCION TALLA XG/4 - 20UND,6.136,6.11499799999999,148.38,7.5649999999999995,0.0,0.0,0.021002000000009957
5248,MAIZ AMARILLO PARA COTUFAS PANTERA 500G,1.45,1.4401986666666635,197.39,0.0,0.0,1.83,0.009801333333336437
5256,TIGO WAFFER CON RELLENO DE CHOCOLATE 115GR,0.91,0.9077586666666648,208.92,1.36,0.0,0.0,0.002241333333335205
5284,LUCHAREPA HARINA DE MAIZ BLANCO 1KG,0.722,0.7130713333333322,233.57,0.0,0.52,0.0,0.008928666666667806
5305,WYNCO GALLETAS DE MANTEQUILLA LA ORIGINAL 114G,1.78,1.7787586666666668,63.76,0.0,0.0,3.29,0.0012413333333332055
5308,MARY HARINA DE MAIZ BLANCO 2KG,2.0857,2.085638666666666,439.34,2.79,2.79,0.0,6.133333333391278e-05
5313,TQF SALSA INGLESA 300ML,2.03,2.0190059999999983,204.86,2.866,0.0,2.645,0.010994000000001503
5330,MALTA MORENA 250ML BOT NR,0.76,0.7621733333333344,202.11,0.8,0.0,0.0,-0.0021733333333343596
5383,DELLA NONNA PREMIUM VERMICELLI 1KG,1.75,1.753106666666668,188.95,0.0,0.0,1.92,-0.0031066666666679232
5385,COCOSETTE MAXI 50GR,0.7957,0.835634666666665,345.06,3.41,1.0,0.0,-0.03993466666666501
5388,MANI GARRAPIÑADO KG,4.0986,4.102285999999998,145.88,0.0,7.76,0.0,-0.0036859999999974136
5431,MC CORMICK ESENCIA DE VAINILLA 150ML,3.105,3.096276666666671,76.8,0.0,0.0,3.76,0.008723333333329197
5435,TORONTO NEVADO UND,0.495,0.549676,279.89,0.0,0.0,0.505,-0.05467600000000006
5441,GALLETAS TIPTOP CHOCO COCO 96GR,0.665,0.6452073333333344,143.07,0.97,0.89,0.0,0.01979266666666568
5462,HOLSUM PERRO CALIENTE FIESTA 420GR,1.8,1.7978146666666708,53.97,1.92,0.0,0.0,0.0021853333333292646
5477,TK - SUAVISANTE BLANCO 1L,1.93,1.9367286666666697,49.17,0.0,0.0,2.19,-0.006728666666669714
5536,KALDINI JENGIBRE MOLIDO 67GR,2.594,2.6015253333333312,23.13,2.93,0.0,0.0,-0.007525333333331385
5538,KALDINI PIMIENTO ROJO TRITURADO 70GR,2.34,2.339612666666663,27.22,2.85,0.0,0.0,0.00038733333333684783
5539,KALDINI HIERBAS ITALIANAS 31GR,2.474,2.4718219999999973,26.84,2.8,0.0,0.0,0.0021780000000029
5540,KALDINI COMIDO MOLIDO 90GR,2.9325,2.93276266666667,63.48,3.64,0.0,0.0,-0.000262666666670075
5541,KALDINI AJO EN POLVO 135GR,3.09,3.0948753333333276,55.26,3.87,0.0,0.0,-0.0048753333333277915
5543,KALDINI CILANTRO MOLIDO 70GR,1.496,1.4966620000000013,19.88,1.88,0.0,0.0,-0.0006620000000012727
5544,KALDINI PIMIENTA NEGRA MOLIDA 100GR,4.41,4.411193333333335,32.86,5.93,0.0,0.0,-0.0011933333333349339
5545,KALDINI NUEZ MOSCADA MOLIDA 110GR,4.445,4.438892666666672,17.1,7.76,0.0,0.0,0.0061073333333281354
5546,KALDINI CANELA MOLIDA 85GR,3.3675,3.371742000000007,39.6,3.7,0.0,0.0,-0.00424200000000674
5547,KALDINI CURCUMA MOLIDA 125GR,2.495,2.4901486666666677,27.61,2.89,0.0,0.0,0.0048513333333324304
5548,EL TITAN DETERGENTE FLORAL 1KG,2.572,2.568662000000002,84.59,0.0,0.0,3.1,0.0033379999999980647
5549,EL TITAN DETERGENTE JAZMIN 1KG,2.572,2.5688526666666687,73.01,0.0,0.0,3.1,0.0031473333333313924
5558,KALDINI MANTEQUILLA DE MANI CRUNCHY 227GR,1.9725,1.968928000000001,64.26,2.63,0.0,0.0,0.0035719999999990204
5559,KALDINI CREMA CHANTILLY - MEZCLA EN POLVO 500GR,5.44,5.459084666666679,23.32,7.85,0.0,0.0,-0.01908466666667863
5562,DI FIORE - ATUN AGUA Y SAL 170GR,1.966,1.9669726666666691,288.79,2.25,0.0,0.0,-0.0009726666666691752
5564,DI FIORE PASSATA CON ALBAHACA 680GR,3.5475,3.556624666666674,27.54,4.76,0.0,0.0,-0.00912466666667422
5566,DI FIORE CREMA DE LECHE 170GR,1.3325,1.331357333333336,123.14,1.84,0.0,0.0,0.0011426666666640717
5571,OISHI SALSA DE SOYA 150ML,1.508,1.503550666666669,49.59,0.0,0.0,2.3499999999999996,0.004449333333331085
5572,OISHI SALSA TERIYAKI 150ML,1.87,1.8628453333333357,22.41,0.0,0.0,2.49,0.007154666666664422
5573,OISHI ACEITE DE SESAMO PURO 150ML,4.36,4.36278533333334,34.88,6.72,0.0,0.0,-0.0027853333333398567
5626,KALDINI - OLIVE OIL EXTRA VIRGEN 500ML,11.51,11.689375999999996,137.98,12.12,0.0,0.0,-0.17937599999999598
5652,KALDINI - FIDEOS SABOR A POLLO 70GR,0.86,0.8569453333333329,103.16,0.97,1.09,0.0,0.003054666666667094
5653,KALDINI - FIDEOS SABOR A CAMARONES 70GR,0.86,0.8617013333333328,98.88,0.97,0.0,0.0,-0.0017013333333327774
5666,CHUPETAS UND,0.25,0.3510706666666665,126.99,6.16,0.0,0.0,-0.10107066666666648
5680,KALDINI CONCENTRADO DE TOMATE 400GR,2.66,2.666510000000005,21.28,3.38,0.0,0.0,-0.006510000000004901
5684,KALDINI PASSATA DIPO POMODORO 680GR,3.3525,3.358739333333342,55.05,4.76,0.0,0.0,-0.006239333333342145
5686,KALDINI GARBANZOS 400GR,1.93,1.9317500000000034,36.67,2.52,2.85,0.0,-0.001750000000003471
5687,KALDINI MAIZ ENTERO 400GR,1.855,1.8515673333333325,179.95,2.3,2.32,0.0,0.0034326666666675276
5694,KALDINI MANTEQUILLA DE MANI 227GR,1.92,1.9243193333333317,90.67,2.63,0.0,0.0,-0.004319333333331787
5700,MANI AJONJOLI KG,3.8867,3.8807213333333386,37.06,0.0,6.49,0.0,0.005978666666661248
5726,JP CAFE GOURMET 200GR,2.538,2.5601086666666717,983.09,3.145,4.03,0.0,-0.022108666666671883
5727,JP CAFE GOURMET 100GR,1.274,1.271766666666667,333.84,1.83,0.0,0.0,0.0022333333333330874
5728,JP CAFE GOURMET 250GR,3.498,3.5004273333333344,457.44,3.72,0.0,0.0,-0.002427333333334225
5729,JP CAFE GOURMET 500GR,6.358,6.289483333333316,352.3,7.536666666666666,8.89,0.0,0.06851666666668343
5730,JP CAFE GOURMET EN GRANOS 1KG,13.972,13.313893333333318,180.9,0.0,0.0,16.28,0.658106666666681
5732,CASABE TORTA DOÑA MARIA,0.75,0.7555539999999997,148.47,0.0,1.6766666666666667,0.0,-0.005553999999999726
5741,ROBIN HOOD HARINA DE TRIGO LEUDANTE 900GR,1.31,1.3114286666666677,496.33,1.59,0.0,0.0,-0.0014286666666676329
5742,ROBIN HOOD HARINA DE TRIGO TODO USO 900GR,1.23,1.2292953333333319,377.51,1.56,0.0,0.0,0.00070466666666813
5751,ONCE ONCE PANQUE DE VAINILLA 65GR,1.01,1.0079333333333338,67.9,0.8,0.0,0.0,0.002066666666666217
5774,ALIVE - DETERGENTE BLANQUEADOR 1KG,2.15,2.150069999999999,29.93,0.0,0.0,3.0,-6.999999999912632e-05
5775,ALIVE - DETERGENTE LIMON 1KG,2.15,2.1504586666666654,29.89,0.0,0.0,3.0549999999999997,-0.00045866666666549705
5776,ALIVE - DETERGENTE SUAVISANTE 1KG,2.15,2.150601999999999,29.85,0.0,0.0,3.11,-0.0006019999999988812
5809,TIGO - GELATINA SIN SABOR 24G,2.0675,2.0675159999999977,104.05,0.0,0.0,2.16,-1.5999999997795555e-05
5813,TIGO - MERMELADA CIRUELA 400G,3.45,3.451047999999993,16.01,0.0,0.0,5.98,-0.0010479999999928324
5814,TIGO - MERMELADA DURAZNO DE 400G,3.45,3.4521619999999933,8.0,0.0,0.0,5.37,-0.002161999999993114
5815,TIGO - MERMELADA NARANJA 400G,3.45,3.4512953333333267,4.0,0.0,0.0,5.04,-0.0012953333333265427
5816,TIGO - MEZCLA PARA TORTA CHOCOLATE 400G,1.84,1.8408893333333347,46.96,0.0,0.0,2.66,-0.0008893333333346298
5828,TIGO - GALLETA DE VAINILLA CON SABOR A FRESA 80G,0.365,0.4876973333333334,49.55,0.0,0.0,0.71,-0.12269733333333344
5841,HARINA BLANCA FLOR LEUDANTE 1KG,1.19,1.1891919999999985,212.0,1.33,1.26,0.0,0.0008080000000014742
5844,​PANTERA - LENTEJA 400 GR,1.85,1.8490173333333317,40.87,2.27,0.0,0.0,0.0009826666666683526
5846,PANTERA - ARVEJA VERDE PARTIDA 400 GR,1.61,1.6111826666666718,92.14,1.54,0.0,0.0,-0.0011826666666716612
5847,CRUSTISSIMO CROISSANT BRIOCHE 340GR,2.99,2.9948960000000024,28.46,3.31,0.0,0.0,-0.004896000000002232
5864,CAPRI SALSA KETCHUP 397GR,1.5767,1.5774479999999973,130.14,1.71,0.0,0.0,-0.0007479999999973064
5873,SONRISSA GELATINA UVA 132GR,2.35,2.3463440000000015,38.16,2.11,0.0,0.0,0.0036559999999985493
5876,LA PROTECTORA CAFE 250GR,4.08,4.085416666666667,244.8,3.21,0.0,0.0,-0.005416666666667069
5878,TRENTO CHOCOLATE 29GR,0.59,0.582416666666668,16.8,0.73,0.0,0.0,0.007583333333331943
5883,JUMPI GELATINA SABOR A LIMON 80GR,1.44,1.4396326666666657,6.68,0.0,2.19,0.0,0.0003673333333342743
5885,JUMPI GELATINA SABOR A FRESA 80GR,1.44,1.4396326666666657,26.72,0.0,2.19,0.0,0.0003673333333342743
5890,PRIMOR PASTA PLUMITAS 1KG,2.18,2.1788286666666705,4.36,2.3,0.0,0.0,0.0011713333333296383
5891,PAN HARINA DE MAIZ LIBRE DE GLUTEN 1KG,1.195,1.1958546666666638,782.91,1.4,0.0,0.0,-0.0008546666666637837
5900,MARY MAIZ PARA COTUFAS DE 400GR,1.33,1.3299053333333362,40.49,1.49,0.0,0.0,9.466666666391177e-05
5901,FRITO LAY PEPITO MUNDO MARINO 80GR,1.06,1.0527193333333351,44.22,0.0,1.37,0.0,0.007280666666664937
5902,SAL LAS MARIAS 1KG,0.29,0.31877199999999956,42.38,0.63,0.0,0.0,-0.028771999999999576
5916,ABSORBO TOALLIN 2R 140H,4.69,4.704100666666677,5.44,5.99,0.0,0.0,-0.014100666666676531
